{
    "f1": 0.3321185045849988,
    "precision": 0.23767457513040552,
    "recall": 0.5511119781506048
}